Date,Close,Close_Prediction
2018-02-09,249.470001,241.8236987914027
2018-02-10,,
2018-02-11,,
2018-02-12,,
2018-02-13,,
2018-02-14,,
2018-02-15,,
2018-02-16,,
2018-02-17,,
2018-02-18,,
2018-02-19,,
2018-02-20,,
2018-02-21,,
2018-02-22,,
2018-02-23,,
2018-02-24,,
2018-02-25,,
2018-02-26,,
2018-02-27,,
2018-02-28,,
2018-03-01,,
2018-03-02,,
2018-03-03,,
2018-03-04,,
2018-03-05,315.0,310.7615757669332
2018-03-06,,
2018-03-07,,
2018-03-08,,
2018-03-09,331.440002,329.4505455501309
2018-03-10,,
2018-03-11,,
2018-03-12,,
2018-03-13,,
2018-03-14,,
2018-03-15,,
2018-03-16,,
2018-03-17,,
2018-03-18,,
2018-03-19,,
2018-03-20,,
2018-03-21,316.480011,317.4660662991623
2018-03-22,306.700012,308.3125428218501
2018-03-23,300.940002,303.80233963436564
2018-03-24,,
2018-03-25,,
2018-03-26,,
2018-03-27,,
2018-03-28,285.769989,286.5422774199937
2018-03-29,,
2018-03-30,,
2018-03-31,,
2018-04-01,,
2018-04-02,280.290009,279.5581393301024
2018-04-03,,
2018-04-04,288.940002,284.9152466180997
2018-04-05,,
2018-04-06,288.850006,294.3825299219821
2018-04-07,,
2018-04-08,,
2018-04-09,,
2018-04-10,,
2018-04-11,,
2018-04-12,,
2018-04-13,,
2018-04-14,,
2018-04-15,,
2018-04-16,,
2018-04-17,,
2018-04-18,,
2018-04-19,,
2018-04-20,,
2018-04-21,,
2018-04-22,,
2018-04-23,,
2018-04-24,,
2018-04-25,,
2018-04-26,,
2018-04-27,,
2018-04-28,,
2018-04-29,,
2018-04-30,,
2018-05-01,,
2018-05-02,,
2018-05-03,311.690002,307.28582811410814
2018-05-04,,
2018-05-05,,
2018-05-06,,
2018-05-07,,
2018-05-08,,
2018-05-09,,
2018-05-10,329.600006,328.8841579325705
2018-05-11,,
2018-05-12,,
2018-05-13,,
2018-05-14,,
2018-05-15,326.130005,324.10417654272646
2018-05-16,328.190002,328.0902949072404
2018-05-17,325.220001,326.3595299437134
2018-05-18,,
2018-05-19,,
2018-05-20,,
2018-05-21,,
2018-05-22,,
2018-05-23,,
2018-05-24,,
2018-05-25,351.290009,353.16653709527725
2018-05-26,,
2018-05-27,,
2018-05-28,,
2018-05-29,,
2018-05-30,,
2018-05-31,,
2018-06-01,,
2018-06-02,,
2018-06-03,,
2018-06-04,,
2018-06-05,,
2018-06-06,367.450012,366.3343659196432
2018-06-07,,
2018-06-08,,
2018-06-09,,
2018-06-10,,
2018-06-11,,
2018-06-12,,
2018-06-13,379.929993,379.04092522558756
2018-06-14,392.869995,393.1534896538566
2018-06-15,,
2018-06-16,,
2018-06-17,,
2018-06-18,,
2018-06-19,,
2018-06-20,416.76001,415.8825628272067
2018-06-21,,
2018-06-22,411.089996,413.01292291661514
2018-06-23,,
2018-06-24,,
2018-06-25,,
2018-06-26,,
2018-06-27,390.390015,397.6495686615487
2018-06-28,395.420013,391.2932543719278
2018-06-29,391.429993,394.60717023790835
2018-06-30,,
2018-07-01,,
2018-07-02,,
2018-07-03,,
2018-07-04,,
2018-07-05,,
2018-07-06,,
2018-07-07,,
2018-07-08,,
2018-07-09,,
2018-07-10,,
2018-07-11,418.649994,418.20511271618756
2018-07-12,,
2018-07-13,,
2018-07-14,,
2018-07-15,,
2018-07-16,,
2018-07-17,,
2018-07-18,,
2018-07-19,,
2018-07-20,,
2018-07-21,,
2018-07-22,,
2018-07-23,,
2018-07-24,,
2018-07-25,362.869995,361.1097527496375
2018-07-26,363.089996,363.00599420261346
2018-07-27,,
2018-07-28,,
2018-07-29,,
2018-07-30,,
2018-07-31,337.450012,338.14451147444635
2018-08-01,338.380005,341.3199637448465
2018-08-02,,
2018-08-03,,
2018-08-04,,
2018-08-05,,
2018-08-06,350.920013,349.43292250663654
2018-08-07,,
2018-08-08,,
2018-08-09,,
2018-08-10,,
2018-08-11,,
2018-08-12,,
2018-08-13,,
2018-08-14,337.48999,337.95324106047826
2018-08-15,326.399994,325.29632569212094
2018-08-16,,
2018-08-17,,
2018-08-18,,
2018-08-19,,
2018-08-20,,
2018-08-21,,
2018-08-22,,
2018-08-23,339.170013,341.94706364633424
2018-08-24,358.820007,356.0948687736678
2018-08-25,,
2018-08-26,,
2018-08-27,364.579987,368.61756161886973
2018-08-28,,
2018-08-29,,
2018-08-30,,
2018-08-31,,
2018-09-01,,
2018-09-02,,
2018-09-03,,
2018-09-04,,
2018-09-05,,
2018-09-06,,
2018-09-07,,
2018-09-08,,
2018-09-09,,
2018-09-10,,
2018-09-11,355.929993,352.95974622279795
2018-09-12,,
2018-09-13,368.149994,370.2331345737444
2018-09-14,,
2018-09-15,,
2018-09-16,,
2018-09-17,,
2018-09-18,,
2018-09-19,,
2018-09-20,,
2018-09-21,361.190002,367.184976491796
2018-09-22,,
2018-09-23,,
2018-09-24,369.609985,366.653665010588
2018-09-25,,
2018-09-26,377.880005,379.18092496086507
2018-09-27,,
2018-09-28,,
2018-09-29,,
2018-09-30,,
2018-10-01,,
2018-10-02,,
2018-10-03,,
2018-10-04,,
2018-10-05,,
2018-10-06,,
2018-10-07,,
2018-10-08,,
2018-10-09,,
2018-10-10,,
2018-10-11,,
2018-10-12,,
2018-10-13,,
2018-10-14,,
2018-10-15,,
2018-10-16,,
2018-10-17,,
2018-10-18,,
2018-10-19,332.670013,340.39457920473853
2018-10-20,,
2018-10-21,,
2018-10-22,,
2018-10-23,333.160004,332.09886034023356
2018-10-24,,
2018-10-25,,
2018-10-26,,
2018-10-27,,
2018-10-28,,
2018-10-29,,
2018-10-30,,
2018-10-31,,
2018-11-01,,
2018-11-02,,
2018-11-03,,
2018-11-04,,
2018-11-05,,
2018-11-06,,
2018-11-07,,
2018-11-08,,
2018-11-09,,
2018-11-10,,
2018-11-11,,
2018-11-12,,
2018-11-13,,
2018-11-14,,
2018-11-15,290.059998,288.688088287626
2018-11-16,286.209991,286.0610766664989
2018-11-17,,
2018-11-18,,
2018-11-19,,
2018-11-20,,
2018-11-21,,
2018-11-22,,
2018-11-23,,
2018-11-24,,
2018-11-25,,
2018-11-26,261.429993,260.13116170159566
2018-11-27,,
2018-11-28,,
2018-11-29,288.75,284.0928790528984
2018-11-30,,
2018-12-01,,
2018-12-02,,
2018-12-03,,
2018-12-04,,
2018-12-05,,
2018-12-06,,
2018-12-07,,
2018-12-08,,
2018-12-09,,
2018-12-10,,
2018-12-11,265.320007,265.5998649536995
2018-12-12,,
2018-12-13,,
2018-12-14,266.839996,271.1263790944381
2018-12-15,,
2018-12-16,,
2018-12-17,,
2018-12-18,,
2018-12-19,266.769989,273.9599206104149
2018-12-20,,
2018-12-21,,
2018-12-22,,
2018-12-23,,
2018-12-24,,
2018-12-25,,
2018-12-26,253.669998,247.8202736212846
2018-12-27,,
2018-12-28,,
2018-12-29,,
2018-12-30,,
2018-12-31,,
2019-01-01,,
2019-01-02,,
2019-01-03,,
2019-01-04,,
2019-01-05,,
2019-01-06,,
2019-01-07,315.339996,314.57712815033057
2019-01-08,,
2019-01-09,,
2019-01-10,,
2019-01-11,337.589996,338.673123159309
2019-01-12,,
2019-01-13,,
2019-01-14,332.940002,332.0303416355276
2019-01-15,354.640015,355.68474729644396
2019-01-16,351.390015,354.44931116626054
2019-01-17,353.190002,353.88335740983723
2019-01-18,,
2019-01-19,,
2019-01-20,,
2019-01-21,,
2019-01-22,,
2019-01-23,,
2019-01-24,,
2019-01-25,,
2019-01-26,,
2019-01-27,,
2019-01-28,,
2019-01-29,,
2019-01-30,340.660004,338.65655961853645
2019-01-31,,
2019-02-01,,
2019-02-02,,
2019-02-03,,
2019-02-04,,
2019-02-05,,
2019-02-06,,
2019-02-07,,
2019-02-08,,
2019-02-09,,
2019-02-10,,
2019-02-11,,
2019-02-12,359.970001,356.60323629881646
2019-02-13,,
2019-02-14,,
2019-02-15,,
2019-02-16,,
2019-02-17,,
2019-02-18,,
2019-02-19,,
2019-02-20,359.910004,360.21304799003155
2019-02-21,,
2019-02-22,,
2019-02-23,,
2019-02-24,,
2019-02-25,,
2019-02-26,,
2019-02-27,362.869995,364.2725242453855
2019-02-28,,
2019-03-01,,
2019-03-02,,
2019-03-03,,
2019-03-04,351.040009,352.39371229210354
2019-03-05,354.299988,352.7882923495887
2019-03-06,,
2019-03-07,,
2019-03-08,349.600006,346.74859002791135
2019-03-09,,
2019-03-10,,
2019-03-11,,
2019-03-12,,
2019-03-13,,
2019-03-14,,
2019-03-15,,
2019-03-16,,
2019-03-17,,
2019-03-18,,
2019-03-19,,
2019-03-20,,
2019-03-21,,
2019-03-22,,
2019-03-23,,
2019-03-24,,
2019-03-25,,
2019-03-26,,
2019-03-27,,
2019-03-28,,
2019-03-29,,
2019-03-30,,
2019-03-31,,
2019-04-01,,
2019-04-02,,
2019-04-03,,
2019-04-04,,
2019-04-05,,
2019-04-06,,
2019-04-07,,
2019-04-08,361.410004,361.82565775551274
2019-04-09,364.709991,364.34067447317716
2019-04-10,,
2019-04-11,,
2019-04-12,,
2019-04-13,,
2019-04-14,,
2019-04-15,,
2019-04-16,,
2019-04-17,,
2019-04-18,360.350006,357.05169264376593
2019-04-19,,
2019-04-20,,
2019-04-21,,
2019-04-22,,
2019-04-23,,
2019-04-24,,
2019-04-25,,
2019-04-26,374.850006,372.1300119871637
2019-04-27,,
2019-04-28,,
2019-04-29,371.829987,370.8949856842328
2019-04-30,,
2019-05-01,,
2019-05-02,,
2019-05-03,,
2019-05-04,,
2019-05-05,,
2019-05-06,,
2019-05-07,,
2019-05-08,364.369995,363.89820264622466
2019-05-09,,
2019-05-10,,
2019-05-11,,
2019-05-12,,
2019-05-13,,
2019-05-14,,
2019-05-15,,
2019-05-16,,
2019-05-17,,
2019-05-18,,
2019-05-19,,
2019-05-20,,
2019-05-21,,
2019-05-22,,
2019-05-23,,
2019-05-24,,
2019-05-25,,
2019-05-26,,
2019-05-27,,
2019-05-28,,
2019-05-29,,
2019-05-30,,
2019-05-31,,
2019-06-01,,
2019-06-02,,
2019-06-03,336.630005,338.0179356941818
2019-06-04,353.399994,350.632256188397
2019-06-05,,
2019-06-06,,
2019-06-07,,
2019-06-08,,
2019-06-09,,
2019-06-10,,
2019-06-11,,
2019-06-12,,
2019-06-13,,
2019-06-14,,
2019-06-15,,
2019-06-16,,
2019-06-17,,
2019-06-18,,
2019-06-19,363.519989,359.7661093219031
2019-06-20,365.209991,365.6419073501604
2019-06-21,,
2019-06-22,,
2019-06-23,,
2019-06-24,,
2019-06-25,360.299988,360.91208030603053
2019-06-26,,
2019-06-27,,
2019-06-28,,
2019-06-29,,
2019-06-30,,
2019-07-01,,
2019-07-02,,
2019-07-03,,
2019-07-04,,
2019-07-05,,
2019-07-06,,
2019-07-07,,
2019-07-08,376.160004,376.22120105300957
2019-07-09,,
2019-07-10,381.0,367.31579949406296
2019-07-11,,
2019-07-12,,
2019-07-13,,
2019-07-14,,
2019-07-15,366.600006,365.34830336218033
2019-07-16,,
2019-07-17,362.440002,364.4168920744336
2019-07-18,325.209991,329.34829608482846
2019-07-19,,
2019-07-20,,
2019-07-21,,
2019-07-22,,
2019-07-23,307.299988,309.2631712091463
2019-07-24,,
2019-07-25,,
2019-07-26,335.779999,334.1847582486652
2019-07-27,,
2019-07-28,,
2019-07-29,,
2019-07-30,,
2019-07-31,,
2019-08-01,,
2019-08-02,,
2019-08-03,,
2019-08-04,,
2019-08-05,,
2019-08-06,,
2019-08-07,304.290009,300.3764639431717
2019-08-08,315.899994,311.62550567287735
2019-08-09,,
2019-08-10,,
2019-08-11,,
2019-08-12,310.829987,309.5144883906384
2019-08-13,,
2019-08-14,,
2019-08-15,295.76001,291.42732291135195
2019-08-16,,
2019-08-17,,
2019-08-18,,
2019-08-19,,
2019-08-20,,
2019-08-21,,
2019-08-22,,
2019-08-23,291.440002,294.4149367325849
2019-08-24,,
2019-08-25,,
2019-08-26,,
2019-08-27,,
2019-08-28,,
2019-08-29,,
2019-08-30,,
2019-08-31,,
2019-09-01,,
2019-09-02,,
2019-09-03,,
2019-09-04,291.519989,288.30797845759844
2019-09-05,,
2019-09-06,,
2019-09-07,,
2019-09-08,,
2019-09-09,,
2019-09-10,287.98999,289.52428508108846
2019-09-11,,
2019-09-12,,
2019-09-13,,
2019-09-14,,
2019-09-15,,
2019-09-16,,
2019-09-17,298.600006,295.85959342106116
2019-09-18,,
2019-09-19,,
2019-09-20,,
2019-09-21,,
2019-09-22,,
2019-09-23,,
2019-09-24,,
2019-09-25,,
2019-09-26,,
2019-09-27,,
2019-09-28,,
2019-09-29,,
2019-09-30,267.619995,266.987429147816
2019-10-01,,
2019-10-02,,
2019-10-03,,
2019-10-04,,
2019-10-05,,
2019-10-06,,
2019-10-07,,
2019-10-08,,
2019-10-09,,
2019-10-10,280.480011,276.6930992471488
2019-10-11,,
2019-10-12,,
2019-10-13,,
2019-10-14,285.529999,284.8564427085714
2019-10-15,284.25,282.21580119293634
2019-10-16,,
2019-10-17,293.350006,298.6516157583006
2019-10-18,,
2019-10-19,,
2019-10-20,,
2019-10-21,,
2019-10-22,,
2019-10-23,,
2019-10-24,271.5,271.0973048367849
2019-10-25,,
2019-10-26,,
2019-10-27,,
2019-10-28,,
2019-10-29,,
2019-10-30,,
2019-10-31,,
2019-11-01,,
2019-11-02,,
2019-11-03,,
2019-11-04,,
2019-11-05,288.029999,287.9294781078827
2019-11-06,,
2019-11-07,,
2019-11-08,,
2019-11-09,,
2019-11-10,,
2019-11-11,,
2019-11-12,292.01001,290.1348230370946
2019-11-13,,
2019-11-14,289.619995,289.09171998812167
2019-11-15,,
2019-11-16,,
2019-11-17,,
2019-11-18,302.570007,300.99673937667876
2019-11-19,,
2019-11-20,,
2019-11-21,,
2019-11-22,,
2019-11-23,,
2019-11-24,,
2019-11-25,,
2019-11-26,,
2019-11-27,,
2019-11-28,,
2019-11-29,,
2019-11-30,,
2019-12-01,,
2019-12-02,,
2019-12-03,,
2019-12-04,,
2019-12-05,,
2019-12-06,,
2019-12-07,,
2019-12-08,,
2019-12-09,,
2019-12-10,,
2019-12-11,,
2019-12-12,,
2019-12-13,,
2019-12-14,,
2019-12-15,,
2019-12-16,,
2019-12-17,,
2019-12-18,,
2019-12-19,,
2019-12-20,,
2019-12-21,,
2019-12-22,,
2019-12-23,,
2019-12-24,,
2019-12-25,,
2019-12-26,,
2019-12-27,329.089996,328.10577940310543
2019-12-28,,
2019-12-29,,
2019-12-30,,
2019-12-31,,
2020-01-01,,
2020-01-02,,
2020-01-03,,
2020-01-04,,
2020-01-05,,
2020-01-06,335.829987,331.5188363106509
2020-01-07,330.75,331.8075809522349
2020-01-08,,
2020-01-09,,
2020-01-10,,
2020-01-11,,
2020-01-12,,
2020-01-13,338.920013,338.7407230619838
2020-01-14,338.690002,338.3027880923078
2020-01-15,,
2020-01-16,,
2020-01-17,,
2020-01-18,,
2020-01-19,,
2020-01-20,,
2020-01-21,338.109985,336.1888062395377
2020-01-22,326.0,330.3844539186806
2020-01-23,,
2020-01-24,,
2020-01-25,,
2020-01-26,,
2020-01-27,,
2020-01-28,,
2020-01-29,,
2020-01-30,,
2020-01-31,,
2020-02-01,,
2020-02-02,,
2020-02-03,,
2020-02-04,369.01001,363.82319256610015
2020-02-05,,
2020-02-06,366.950012,365.3699985834443
2020-02-07,,
2020-02-08,,
2020-02-09,,
2020-02-10,,
2020-02-11,,
2020-02-12,,
2020-02-13,,
2020-02-14,,
2020-02-15,,
2020-02-16,,
2020-02-17,,
2020-02-18,,
2020-02-19,,
2020-02-20,,
2020-02-21,380.070007,380.888968886019
2020-02-22,,
2020-02-23,,
2020-02-24,,
2020-02-25,360.089996,363.11775696183645
2020-02-26,,
2020-02-27,,
2020-02-28,,
2020-02-29,,
2020-03-01,,
2020-03-02,,
2020-03-03,,
2020-03-04,,
2020-03-05,,
2020-03-06,,
2020-03-07,,
2020-03-08,,
2020-03-09,,
2020-03-10,,
2020-03-11,,
2020-03-12,,
2020-03-13,,
2020-03-14,,
2020-03-15,,
2020-03-16,,
2020-03-17,319.75,305.46296981751004
2020-03-18,,
2020-03-19,332.029999,336.39319723557935
2020-03-20,,
2020-03-21,,
2020-03-22,,
2020-03-23,,
2020-03-24,,
2020-03-25,,
2020-03-26,,
2020-03-27,,
2020-03-28,,
2020-03-29,,
2020-03-30,,
2020-03-31,,
2020-04-01,364.079987,366.93647749578014
2020-04-02,370.079987,366.1287562090514
2020-04-03,361.76001,361.9327925526499
2020-04-04,,
2020-04-05,,
2020-04-06,379.959991,374.0468621359974
2020-04-07,372.279999,372.7091305547101
2020-04-08,,
2020-04-09,,
2020-04-10,,
2020-04-11,,
2020-04-12,,
2020-04-13,,
2020-04-14,,
2020-04-15,,
2020-04-16,439.170013,443.7466658740458
2020-04-17,422.959991,419.54490777127324
2020-04-18,,
2020-04-19,,
2020-04-20,,
2020-04-21,,
2020-04-22,,
2020-04-23,426.700012,435.0445426573616
2020-04-24,,
2020-04-25,,
2020-04-26,,
2020-04-27,421.380005,425.2978001113544
2020-04-28,,
2020-04-29,,
2020-04-30,,
2020-05-01,,
2020-05-02,,
2020-05-03,,
2020-05-04,,
2020-05-05,,
2020-05-06,,
2020-05-07,,
2020-05-08,,
2020-05-09,,
2020-05-10,,
2020-05-11,,
2020-05-12,431.820007,435.1921306229984
2020-05-13,,
2020-05-14,,
2020-05-15,,
2020-05-16,,
2020-05-17,,
2020-05-18,,
2020-05-19,,
2020-05-20,,
2020-05-21,,
2020-05-22,,
2020-05-23,,
2020-05-24,,
2020-05-25,,
2020-05-26,,
2020-05-27,419.890015,407.99186447824746
2020-05-28,,
2020-05-29,,
2020-05-30,,
2020-05-31,,
2020-06-01,,
2020-06-02,,
2020-06-03,,
2020-06-04,,
2020-06-05,,
2020-06-06,,
2020-06-07,,
2020-06-08,,
2020-06-09,,
2020-06-10,,
2020-06-11,,
2020-06-12,,
2020-06-13,,
2020-06-14,,
2020-06-15,,
2020-06-16,436.130005,434.9087493185334
2020-06-17,,
2020-06-18,,
2020-06-19,,
2020-06-20,,
2020-06-21,,
2020-06-22,,
2020-06-23,466.26001,471.2719938657233
2020-06-24,,
2020-06-25,,
2020-06-26,,
2020-06-27,,
2020-06-28,,
2020-06-29,447.23999,436.53574606320495
2020-06-30,,
2020-07-01,,
2020-07-02,476.890015,482.87969866080147
2020-07-03,,
2020-07-04,,
2020-07-05,,
2020-07-06,,
2020-07-07,,
2020-07-08,,
2020-07-09,507.76001,499.87146913781925
2020-07-10,548.72998,541.7456975872212
2020-07-11,,
2020-07-12,,
2020-07-13,,
2020-07-14,,
2020-07-15,,
2020-07-16,,
2020-07-17,,
2020-07-18,,
2020-07-19,,
2020-07-20,,
2020-07-21,490.100006,492.8043438263259
2020-07-22,,
2020-07-23,477.579987,476.58715222213914
2020-07-24,,
2020-07-25,,
2020-07-26,,
2020-07-27,,
2020-07-28,,
2020-07-29,,
2020-07-30,,
2020-07-31,,
2020-08-01,,
2020-08-02,,
2020-08-03,,
2020-08-04,,
2020-08-05,,
2020-08-06,509.079987,505.16793525615094
2020-08-07,,
2020-08-08,,
2020-08-09,,
2020-08-10,,
2020-08-11,,
2020-08-12,,
2020-08-13,,
2020-08-14,,
2020-08-15,,
2020-08-16,,
2020-08-17,,
2020-08-18,491.869995,491.6828679218517
2020-08-19,,
2020-08-20,,
2020-08-21,,
2020-08-22,,
2020-08-23,,
2020-08-24,,
2020-08-25,,
2020-08-26,547.530029,535.764677533877
2020-08-27,,
2020-08-28,,
2020-08-29,,
2020-08-30,,
2020-08-31,,
2020-09-01,,
2020-09-02,,
2020-09-03,,
2020-09-04,,
2020-09-05,,
2020-09-06,,
2020-09-07,,
2020-09-08,507.019989,513.4971408474997
2020-09-09,,
2020-09-10,,
2020-09-11,,
2020-09-12,,
2020-09-13,,
2020-09-14,476.26001,479.9049245790399
2020-09-15,495.98999,492.67813261633285
2020-09-16,,
2020-09-17,470.200012,468.25581882226305
2020-09-18,469.959991,466.63907821340007
2020-09-19,,
2020-09-20,,
2020-09-21,487.350006,481.92118967885784
2020-09-22,,
2020-09-23,,
2020-09-24,,
2020-09-25,482.880005,477.2187891604078
2020-09-26,,
2020-09-27,,
2020-09-28,,
2020-09-29,,
2020-09-30,,
2020-10-01,,
2020-10-02,,
2020-10-03,,
2020-10-04,,
2020-10-05,,
2020-10-06,,
2020-10-07,,
2020-10-08,,
2020-10-09,,
2020-10-10,,
2020-10-11,,
2020-10-12,,
2020-10-13,,
2020-10-14,,
2020-10-15,541.940002,541.8499873573288
2020-10-16,,
2020-10-17,,
2020-10-18,,
2020-10-19,,
2020-10-20,525.419983,529.0035016546376
2020-10-21,,
2020-10-22,,
2020-10-23,,
2020-10-24,,
2020-10-25,,
2020-10-26,,
2020-10-27,,
2020-10-28,,
2020-10-29,,
2020-10-30,475.73999,480.4573016701192
2020-10-31,,
2020-11-01,,
2020-11-02,,
2020-11-03,,
2020-11-04,496.950012,504.12244533002513
2020-11-05,,
2020-11-06,,
2020-11-07,,
2020-11-08,,
2020-11-09,470.5,478.8881808602492
2020-11-10,,
2020-11-11,,
2020-11-12,,
2020-11-13,,
2020-11-14,,
2020-11-15,,
2020-11-16,,
2020-11-17,,
2020-11-18,,
2020-11-19,,
2020-11-20,,
2020-11-21,,
2020-11-22,,
2020-11-23,,
2020-11-24,,
2020-11-25,,
2020-11-26,,
2020-11-27,,
2020-11-28,,
2020-11-29,,
2020-11-30,,
2020-12-01,,
2020-12-02,,
2020-12-03,,
2020-12-04,,
2020-12-05,,
2020-12-06,,
2020-12-07,,
2020-12-08,,
2020-12-09,493.600006,497.72336684967854
2020-12-10,,
2020-12-11,,
2020-12-12,,
2020-12-13,,
2020-12-14,,
2020-12-15,,
2020-12-16,,
2020-12-17,,
2020-12-18,,
2020-12-19,,
2020-12-20,,
2020-12-21,,
2020-12-22,,
2020-12-23,514.47998,517.5579206316143
2020-12-24,,
2020-12-25,,
2020-12-26,,
2020-12-27,,
2020-12-28,,
2020-12-29,,
2020-12-30,524.590027,527.567065833977
2020-12-31,,
2021-01-01,,
2021-01-02,,
2021-01-03,,
2021-01-04,,
2021-01-05,520.799988,521.3108907244073
2021-01-06,,
2021-01-07,,
2021-01-08,,
2021-01-09,,
2021-01-10,,
2021-01-11,,
2021-01-12,,
2021-01-13,,
2021-01-14,,
2021-01-15,,
2021-01-16,,
2021-01-17,,
2021-01-18,,
2021-01-19,,
2021-01-20,,
2021-01-21,,
2021-01-22,,
2021-01-23,,
2021-01-24,,
2021-01-25,,
2021-01-26,,
2021-01-27,,
2021-01-28,,
2021-01-29,532.390015,534.520879866735
2021-01-30,,
2021-01-31,,
2021-02-01,,
2021-02-02,548.159973,550.0491178696923
2021-02-03,,
2021-02-04,,
2021-02-05,,
2021-02-06,,
2021-02-07,,
2021-02-08,,
2021-02-09,559.070007,558.7735068901064
2021-02-10,563.590027,558.8202584929148
2021-02-11,,
2021-02-12,,
2021-02-13,,
2021-02-14,,
2021-02-15,,
2021-02-16,,
2021-02-17,,
2021-02-18,,
2021-02-19,,
2021-02-20,,
2021-02-21,,
2021-02-22,,
2021-02-23,,
2021-02-24,,
2021-02-25,546.700012,543.3025145874311
2021-02-26,,
2021-02-27,,
2021-02-28,,
2021-03-01,550.640015,548.1691769969595
2021-03-02,547.820007,550.6294748046706
2021-03-03,,
2021-03-04,,
2021-03-05,,
2021-03-06,,
2021-03-07,,
2021-03-08,,
2021-03-09,,
2021-03-10,,
2021-03-11,,
2021-03-12,518.02002,518.3991170024785
2021-03-13,,
2021-03-14,,
2021-03-15,,
2021-03-16,,
2021-03-17,524.440002,520.7618456417144
2021-03-18,504.790009,507.6411874764209
2021-03-19,512.179993,509.00314283089085
2021-03-20,,
2021-03-21,,
2021-03-22,,
2021-03-23,535.090027,540.2312089542447
2021-03-24,,
2021-03-25,,
2021-03-26,,
2021-03-27,,
2021-03-28,,
2021-03-29,513.950012,514.2846603316775
2021-03-30,,
2021-03-31,,
2021-04-01,,
2021-04-02,,
2021-04-03,,
2021-04-04,,
2021-04-05,,
2021-04-06,,
2021-04-07,,
2021-04-08,,
2021-04-09,555.309998,551.8650994496602
2021-04-10,,
2021-04-11,,
2021-04-12,,
2021-04-13,,
2021-04-14,540.02002,541.8352778387457
2021-04-15,,
2021-04-16,,
2021-04-17,,
2021-04-18,,
2021-04-19,,
2021-04-20,,
2021-04-21,508.899994,513.195318457411
2021-04-22,,
2021-04-23,,
2021-04-24,,
2021-04-25,,
2021-04-26,,
2021-04-27,,
2021-04-28,,
2021-04-29,,
2021-04-30,513.469971,512.8773211070327
2021-05-01,,
2021-05-02,,
2021-05-03,,
2021-05-04,,
2021-05-05,,
2021-05-06,,
2021-05-07,,
2021-05-08,,
2021-05-09,,
2021-05-10,,
2021-05-11,,
2021-05-12,,
2021-05-13,,
2021-05-14,,
2021-05-15,,
2021-05-16,,
2021-05-17,,
2021-05-18,486.279999,490.82158451833624
2021-05-19,,
2021-05-20,501.670013,499.351355745257
2021-05-21,,
2021-05-22,,
2021-05-23,,
2021-05-24,,
2021-05-25,,
2021-05-26,,
2021-05-27,,
2021-05-28,502.809998,508.87774517317615
2021-05-29,,
2021-05-30,,
2021-05-31,,
2021-06-01,,
2021-06-02,,
2021-06-03,,
2021-06-04,,
2021-06-05,,
2021-06-06,,
2021-06-07,,
2021-06-08,,
2021-06-09,,
2021-06-10,,
2021-06-11,,
2021-06-12,,
2021-06-13,,
2021-06-14,,
2021-06-15,491.899994,492.7002979680255
2021-06-16,,
2021-06-17,,
2021-06-18,500.769989,502.31074307865623
2021-06-19,,
2021-06-20,,
2021-06-21,497.0,494.98678271349655
2021-06-22,,
2021-06-23,,
2021-06-24,,
2021-06-25,527.070007,529.7899201103284
2021-06-26,,
2021-06-27,,
2021-06-28,,
2021-06-29,,
2021-06-30,,
2021-07-01,,
2021-07-02,,
2021-07-03,,
2021-07-04,,
2021-07-05,,
2021-07-06,,
2021-07-07,,
2021-07-08,,
2021-07-09,535.97998,535.0017241948125
2021-07-10,,
2021-07-11,,
2021-07-12,,
2021-07-13,,
2021-07-14,547.950012,551.5720766499051
2021-07-15,542.950012,544.2536798849736
2021-07-16,,
2021-07-17,,
2021-07-18,,
2021-07-19,,
2021-07-20,,
2021-07-21,513.630005,513.9953394001107
2021-07-22,,
2021-07-23,,
2021-07-24,,
2021-07-25,,
2021-07-26,,
2021-07-27,,
2021-07-28,,
2021-07-29,,
2021-07-30,517.570007,517.0788818734977
2021-07-31,,
2021-08-01,,
2021-08-02,,
2021-08-03,,
2021-08-04,,
2021-08-05,,
2021-08-06,,
2021-08-07,,
2021-08-08,,
2021-08-09,,
2021-08-10,,
2021-08-11,,
2021-08-12,,
2021-08-13,,
2021-08-14,,
2021-08-15,,
2021-08-16,,
2021-08-17,,
2021-08-18,,
2021-08-19,,
2021-08-20,,
2021-08-21,,
2021-08-22,,
2021-08-23,,
2021-08-24,,
2021-08-25,,
2021-08-26,,
2021-08-27,,
2021-08-28,,
2021-08-29,,
2021-08-30,566.179993,564.5895821188434
2021-08-31,569.190002,565.5971387711585
2021-09-01,,
2021-09-02,588.549988,596.0237650030767
2021-09-03,,
2021-09-04,,
2021-09-05,,
2021-09-06,,
2021-09-07,,
2021-09-08,,
2021-09-09,,
2021-09-10,,
2021-09-11,,
2021-09-12,,
2021-09-13,589.289978,586.0662856437641
2021-09-14,,
2021-09-15,,
2021-09-16,,
2021-09-17,,
2021-09-18,,
2021-09-19,,
2021-09-20,,
2021-09-21,,
2021-09-22,590.650024,592.3427679775014
2021-09-23,593.26001,596.5267517254707
2021-09-24,,
2021-09-25,,
2021-09-26,,
2021-09-27,,
2021-09-28,,
2021-09-29,,
2021-09-30,,
2021-10-01,,
2021-10-02,,
2021-10-03,,
2021-10-04,,
2021-10-05,634.809998,632.9052190391587
2021-10-06,,
2021-10-07,,
2021-10-08,,
2021-10-09,,
2021-10-10,,
2021-10-11,627.039978,633.3526311688862
2021-10-12,,
2021-10-13,,
2021-10-14,,
2021-10-15,,
2021-10-16,,
2021-10-17,,
2021-10-18,,
2021-10-19,,
2021-10-20,,
2021-10-21,,
2021-10-22,,
2021-10-23,,
2021-10-24,,
2021-10-25,,
2021-10-26,,
2021-10-27,,
2021-10-28,,
2021-10-29,690.309998,685.8170876977742
2021-10-30,,
2021-10-31,,
2021-11-01,,
2021-11-02,,
2021-11-03,,
2021-11-04,,
2021-11-05,,
2021-11-06,,
2021-11-07,,
2021-11-08,,
2021-11-09,,
2021-11-10,,
2021-11-11,657.580017,662.2405595225716
2021-11-12,,
2021-11-13,,
2021-11-14,,
2021-11-15,,
2021-11-16,,
2021-11-17,,
2021-11-18,682.02002,682.7693764174113
2021-11-19,,
2021-11-20,,
2021-11-21,,
2021-11-22,,
2021-11-23,,
2021-11-24,,
2021-11-25,,
2021-11-26,,
2021-11-27,,
2021-11-28,,
2021-11-29,,
2021-11-30,,
2021-12-01,,
2021-12-02,,
2021-12-03,602.130005,601.300588851048
2021-12-04,,
2021-12-05,,
2021-12-06,612.690002,610.933730986733
2021-12-07,625.580017,620.2575161936478
2021-12-08,,
2021-12-09,,
2021-12-10,611.659973,609.220475252313
2021-12-11,,
2021-12-12,,
2021-12-13,604.559998,602.7928309164331
2021-12-14,,
2021-12-15,,
2021-12-16,,
2021-12-17,,
2021-12-18,,
2021-12-19,,
2021-12-20,593.73999,597.4796067925193
2021-12-21,,
2021-12-22,,
2021-12-23,,
2021-12-24,,
2021-12-25,,
2021-12-26,,
2021-12-27,,
2021-12-28,,
2021-12-29,,
2021-12-30,,
2021-12-31,,
2022-01-01,,
2022-01-02,,
2022-01-03,,
2022-01-04,591.150024,585.7702290487151
2022-01-05,,
2022-01-06,,
2022-01-07,,
2022-01-08,,
2022-01-09,,
2022-01-10,539.849976,532.8325624273402
2022-01-11,540.840027,536.9091363858856
2022-01-12,,
2022-01-13,,
2022-01-14,,
2022-01-15,,
2022-01-16,,
2022-01-17,,
2022-01-18,510.799988,512.5578959312642
2022-01-19,,
2022-01-20,,
2022-01-21,,
2022-01-22,,
2022-01-23,,
2022-01-24,,
2022-01-25,366.420013,375.2537895092203
2022-01-26,,
2022-01-27,,
2022-01-28,,
2022-01-29,,
2022-01-30,,
2022-01-31,,
2022-02-01,457.130005,448.1176220035536
